clean_text,classificazione
"Toxoplasmosi: come si trasmette, quali sono i sintomi e perché è pericolosa durante la gravidanza? Leggi l'articolo: toxoplasmosi parassita infezione fetale gravidanza pediatra luca marco berti medicina online",0
"Dopo aver viaggiato in Asia, ho capito che la nostra idea di ""crisi"" è ridicola rispetto alle difficoltà che affrontano le popolazioni locali.",0
"Un ""catalizzatore di cambiamento"" per il settore del travel, stando ai dati dell'Osservatorio sul Turismo e Innovazione Tecnologica.",0
qui invece i bastardelli della facoltà di ingegneria controllano i passaporti degli altri guadagnandosi vantaggi. che schifo di popolo. ecco il perché della classe politica,1
vai vai non vaccinatevi fate bene,1
sarà senz'altro colpa del 10% della popolazione non ancora vaccinata,1
"a questi devastati mentali dovrebbero fare il vaccino che tramite modifica del dna fa crescere la museruola direttamente sulla bocca una bella membrana che non lascia passare nulla, tanto é il cervello che ha bisogno di ossigeno",1
fanno prima ad indossare la tuta antisommossa e il casco,0
"per quello sarebbe impossibile, visto che la dottoressa che ho io è una di quelle convinte dei vaccini e altre stronzate del coronacapra",1
no io in auto non la indosso veramente,1
"Gli lascio anche il mio kit di primo soccorso, più ne hai più sicurezza ci siamo.",0
"Un piccolo farmaco per la neonata, un grande succo di frutta per lei e per sua nonna, seconda dose in programma.",0
"non mi stancherò mai di obiettare esplicitamente illimitato fino a quando non si conoscono nuovi sviluppi su contagi e protezione terza dose pensare di lasciare limitazione a 6 mesi è una stronzata ho fatto dose a gennaio, dovrei rifarla a luglio? no! in autunno se necessario",1
secondo me anche ciò che ha detto prima era ironico per dire che quando tutti gli idioti si vaccinerano smettono di rompere i coglioni e penseranno al futuro del nostro paese io ho capito così,1
torna a casa mio figlio minorenne dalla scuola e mi dice che la professoressa di matematica ha chiesto a tutta la classe chi si sarebbe vaccinato. ma è normale ????,1
"non è proprio così come dici tu. diciamo che abbiamo scoperto che l'italiano è egoista. ai tempi d'oro degli anni 70 80 90 00 di cgil cisl uil, se un solo lavoratore veniva discriminato, si fermavano 1000 lavoratori. oggi no. ma non solo il sindacato, ma chiunque. quello che mi fa tanta tanta rabbia è il silenzio di chi ha visto gruppi di italiani discriminati, da maggio 2021 i sanitari, settembre docenti e poliziotti, ottobre tutti i dipendenti, e quasi tutti non hanno mosso un dito. anzi ai bidose (come me che però protesto da agosto) sarà anche sfuggita qualche frase contro i no vax. ora questi bidose prima di chiedere aiuto, si sono fatti un esame di coscienza ? hanno fatto mea culpa ? o continuano solo a pensare a se stessi. allora mi viene da chiedermi se è giusto aiutarli. lo stesso discorso per i bar e ristoranti che ci hanno sempre osteggiato e ora nel 2022 vogliono stare dalla ns parte. la risposta: si, voglio aiutarli lo stesso.",1
Seconda dose fatta stamattina.,0
"si ma fai un video finto per prendere in giro i negazionisti,senza farti il vaccino? che persona sei a fare una cosa del genere",1
tranquilli con la 4 dose si vince !,0
"ultime notizie covid: governo studia piano per green pass illimitato per i cittadini con booster, nuove linee guida per le attività economiche",0
qualcuno sa dirmi se è vero che la cina ha solo il 4 per cento della popolazione vaccinata?,0
"pochi sanno che david sassoli, che aveva un problema di leucemia, è stato un trapiantato: e aver subito un trapianto rientra tra le controindicazioni per qualsiasi vaccino. era un uomo di draghi, che l'aveva spinto nella posizione che occupava nelle istituzioni europee. sassoli aveva ricevuto il siero c-19 ed era stato male. al che, è stato contattato da domenico biscardi: i due si sono parlati, tra loro c'è stato uno scambio di informazioni importante. dopodiché, sassoli ha depositato 9 denunce, che erano delle bombe. le ha depositate non solo all'ema, non solo all'aifa, ma anche più su. quello che posso dire, ben consapevole dei rischi che corro, è che - dopo queste denunce - sassoli è stato ""spento"", diciamo così. esattamente come sembra sia accaduto all'amico domenico biscardi, che avevo intervistato pochi giorni prima del decesso. credo che la sua morte sia strettamente collegata a quella di sassoli, nonostante le problematiche di biscardi (lo stress) e quelle di sassoli (la leucemia). questo - tra i due - è un collegamento importante, di cui nessuno ha mai parlato: lo sto dicendo qui, per la prima volta. come sono venuto a conoscenza di tutto questo? be', ad aviano (dove sassoli era ricoverato, ndr) ci sono tante persone: brave persone, coscienziose; ci sono tanti medici, che parlano tra di loro; e non soltanto medici. ora, come sappiamo, è morto anche luc montagnier. non appena ho appreso la notizia, ho chiamato immediatamente ornella mariani, per trent'anni sua collaboratrice in tanti progetti comuni. ornella è anche molto amica della compagna di montagnier e del suo entourage: le persone più strette non sanno spiegarsi l'accaduto. che dire? c'è chi invoca un secondo processo di norimberga. bene: posso dirvi che la prospettiva è molto più concreta di quanto si immagini. con la persona che sta portando avanti questa causa internazionale, l'avvocato reiner fuellmich, il mio gruppo sta lavorando da anni. l'avvocato fuellmich, che incontrerò nei prossimi giorni, è una persona molto più introdotta di quanto possiate immaginare: un uomo di grande coraggio, veramente molto preparato, con agganci importantissimi. quindi, ripeto: il discorso norimberga-2 è estremamente realistico. il cambiamento è dietro l'angolo: quando parliamo di quantum financial system, di global currency reset e del nuovo sistema economico in arrivo, è importante che la gente capisca che c'è un apparato di professionisti, ad altissimo livello, che si sta muovendo - da anni - verso quella direzione. poi è spuntata l'operazione corona: il ""colpo di stato globale"" ha cercato di rallentare qualcosa che, in realtà, nessuno può fermare. ormai i giochi sono fatti: e quando nomino certe persone, non le nomino a caso. quello di cui parlo, da due anni, su ""database italia"", non sono fantasie. e' ovvio che non si può divulgare tutto, non posso mostrare certi documenti che riceviamo: è un'operazione finanziaria, di intelligence e militare. se non si è addentro, non si può comprendere quello che sta davvero succedendo: non si può capire perché la testa della piovra è stata recisa, anche se ancora muove i suoi tentacoli. in televisione i virologi parlano di ""richiami"" fino al 2030? lasciate perdere tutte queste buffonate: ripeto, i giochi ormai sono stati fatti. certo: essendo un cambio epocale, non può avvenire in due giorni. e' una rivoluzione, che deve armonizzare tutto il mondo: non la puoi fare in due giorni, e neanche in dieci anni. il quadro è molto complesso, in continua evoluzione, con accelerazioni molto importanti: qualcosa è visibile, qualcosa no. abbiamo assistito al tentativo in corso, da parte di chi si sta opponendo a questo colpo di stato globale, cercando di svegliare sempre più persone, anche se il risveglio purtroppo è lento. molti eroi - medici, scienziati schieratisi al nostro fianco, anche i più in vista - spariscono, in un modo o nell'altro. qualcosa si sa, ma alcune cose non si possono dire, perché il regime è ancora attivo.",1
"covid,, no vax, obbligo di vaccino mi sembrano una fantastica cartina tornasole: già più o meno li avevo individuati, gli idioti...adesso ho pure la conferma. vaccino covid19",1
"Passaporto vaccinale, speranza 'nessun vincolo più' dopo la dose booster - Il Giornale passaporto vaccinale speranza vincolo dose booster Il Giornale",0
la base per i meme vivente è la gente con la mascherina che si fa ore di fila per un vaccino per scappare da una terribile pandemia o chi gira solo in macchina con la mascherina,1
"arriva in lombardia il vaccino a base di virus inattivati, la nuova opzione che potrebbe convincere i dubitativi alla somministrazione, riservato ai soli over 30 che non hanno ancora completato il ciclo di vaccinazione.",0
"contro qualsiasi ""vergogna pass"" senza alcun cedimento il governo attraverso le regioni, inizia ad attuare concretamente le micro discriminazioni individuali su ciascun segmento della vita di relazione, che hanno l'obiettivo di costringere alla vaccinazione anche chi è dubbioso. essendo i rappresentanti dell'attuale potere soggetti che sguazzano compiaciuti nel macabro e che sanno dove colpire per fare veramente male, hanno incistato il primo divieto in un contesto connotato da un gradiente elevatissimo di affettività: le rsa. impediscono ai familiari non vaccinati di visitare e confortare i loro congiunti anziani ricoverati,magari anche se vaccinati. l'apripista è stato de luca ed ora gli fanno seguito tutti gli altri c.d. governatori, indipendentemente dal colore politico essendo,comunque,indiscriminatamente, eterodiretti ed ubbidienti. poi si passerà, come annunciato, a discriminare i non vaccinati in tutti i settori sia pubblici che privati inibendo gran parte della vita di relazione . la risposta immediata degli esclusi sarà quella che già aleggia: costruire un mondo alternativo fondato su alberghi, ristoranti, bar, cinema, teatri, palestre, piscine, compagnie aeree, ferroviarie, magari anche cimiteri ecc. che accettino anche i non vaccinati. una meravigliosa torre d'avorio, ma sempre un ghetto intendiamoci, sarò il primo a cercare di far guadagnare solo chi sarà coerentemente non discriminante, ed è meritevole creare una rete logistica dove sia salvaguardata la dignità umana, ma la soluzione è altra rispetto a quella di farsi rinchiudere in una ""riserva"". le esperienze dei pellirossa provano che se accetti la discriminazione sarai sopraffatto integralmente anche se possiedi uno spirito nobile perchè dall'altra parte vi sono,comunque, dei barbari brutali. bisogna reagire e subito contro tutti i ""vergogna pass"" interni ed europei con adeguate azioni legali che ne blocchino immediatamente l' applicazione. chiunque viola il principio di non discriminazione deve, altresì, essere condannato a risarcire i danni. si tratta di una azione,come molte altre,che avrà un risultato positivo solo se verrà supportata da partecipazione corale. nelle riserve si auto-rinchiudano coloro che odiano la vita.",1
non è scemo...non se l'è fatto...a belgrado poi...in pochi si sono vaccinati ed escono tutti tranquillamente senza mascherina... l'avranno pagato per dirlo...,1
"il premier neozelandese ardern: ""gli effetti collaterali che le persone sperimentano con i vaccini, che tutti ci aspettiamo, sono un segno che il vaccino sta facendo quello che dovrebbe"". questa donna è il male!",1
in germania intendono vaccinare i bambini da 2 anni in su. questo si che è un disastro. e se non ti vaccini non hai diritto di fare niente.,1
"Menomale che si è fatto il richiamo, altrimenti chissà... vaccino covid Pfizer",0
ancora non si è capito che nulla è gratis... con le tasse si comprano anche i vaccini,0
"situazione vaccinati. 35 milioni di italiani hanno ricevuto la dose booster, 4 milioni senza alcuna dose ... covid vaccini",0
"ai ragazzi andrebbe spigata la verità,in modo che sappiano chi li vuole rovinare e perché,e combattano il tutto. come mai non si deprimono i ragazzini islamici? perché i loro genitori gli hanno spiegato che i vaccini stermineranno gli infedeli,e quello che ora è nostro presto diventerà loro",1
"i vaccini, li dovete fare prima di tutto voi politici e i vostri lustrascarpe di giornalisti mainstream , poi in ordine medici , inferrmieri,..",1
la libertà di scelta è inviolabile. se cediamo anche solo una volta l'avremo persa per sempre. io credo che se anche questo 'vaccino' fosse perfetto (che proprio non è) e a rischio zero non dovrebbe essere fatto per protesta.,1
"e poi leggi sul giornale che tanti diciottenni fanno il vaccino ""solo per poter viaggiare"" roba da matti...",1
strage-voluta....per terrorizzare la popolazione a far accettare il vaccino...,1
pensate se piglia una trombosi al pilota vaccinato,1
"20-30% probabilmente e' un po' esagerato, ma penso pure io che sara' comunque un disastro, lo sanno benissimo e fa parte del piano per far passare una legge marziale per costringere tutti alla vaccinazione",1
bravo fabio...ma non cedere se ti chiedono di rientrare in servizio perché sono nella per mancanza di organico... devono eliminare greenpass e obbligo vaccinale,1
"maneskin o maneskin ? davos davos 2023 zionism rinuncio a satana david, ethan manca solo nathan e companeros in one picture of baphomet vaccino tutto e' commedia. compresi loro, i vincitori di ogni allegra mercificazione della musica. tutto in salsa gender oriented.",1
irresponsabili e basati su menzogne senza fine sono gli atti di violazione criminale dei diritti e libertà che voi nazi razzisti state compiendo impunemente contro chi si rifiuta di sottostare alle vostre folli regole vi vi novax vaccino dittatura nazisanitaria .,1
"anch'io non penso,ma di sicuro faranno pressioni per vaccinarli. poi tutto è possibile visto cosa è accaduto negli ultimi 2 anni.cose impossibili da credere se ce le avessero predette",1
capito. quindi ti interessa sapere se esistono articoli che mettono in risalto qualcosa di negativo sul vaccino russo? per ora non ne ho trovati...ma sarà mia premura attivarmi su di una ricerca in tal senso. alla prossima e buon pomeriggio,0
Tasso di occupazione dei posti letto in ospedale per 100 pazienti al 20 gennaio 2022 (fonte: Ministero della Salute),0
"anno 2021, il vaccino risulta più letale del coronavirus. i dati ufficiali lo confermano. attendiamo smentite ufficiali da parte di mario draghi.",1
"ma saranno le federazioni delle varie nazionali a farli vaccinare, non li faranno privatamente",0
c'è una canzone di de andrè che parla di lui. brunetta infame lo odio. nazista criminale bestie rileggiti la costituzione vergogna di fare parte del nuovo nazismo. arriverà il tempo anche x te. ti è bastata solo una dose vaccino vaccino x annegare?,1
semplicemente perché loro vogliono continuare a vivere. d'altronde se fosse vero che è un virus mortale come cercano di fare credere i vaccini li avrebbero fatti loro per primi invece martellano perché li facciate voi. poi quanti politici o senatori a vita sono morti? nessuno che non abbia avuto 2/3 patologie pregresse. dunque italioti svegiatevi dovrebbe già bastarvi questo per ragionare,1
"un giornaletto filo religioso che critica un premio nobel per ""posizioni polemiche e senza basi scientifuche"" è la dimostrazione plastica di quanto sia diventato un ""atto di fede"" il ""sacro"" vaccino... poi non lamentatevi però se le chiese sono sempre più vuote...",1
È singolare notare che,0
"De Luca da SkyTG24: 'la pandemia non è finita, ma dobbiamo imparare a conviverci (..) i greenpass sono la nostra migliore difesa contro il virus, per riprendere a vivere normalmente'"" - Il giornale delle 19, 18/2/22",0
tutti anche se ho fatto il test fino a sei mesi fa,0
"ricevo e condivido milano non si piega cari ragazzacci e ragazzacce in lotta per la libertà, è inutile dire che questo sabato 20 novembre sarà dirimente per il futuro delle proteste e, a va sans dire, per la democrazia. dopo 16 sabati di manifestazioni auto-organizzate a difesa dei diritti fondamentali che ci vengono dritti dritti dalla costituzione, sabato scorso, la repressione della forza ondulatoria ha messo in campo tutte le risorse che poteva per tentare di impedire ai cittadini di esprimere il lecito dissenso contro leggi e decreti che un pezzo alla volta ci stanno portando verso l'apartheid e verso una dittatura ormai sempre più conclamata. approfittando infatti dell'anomalia causata dal comizio di r.kennedy jr. all'arco della pace, che ha di fatto diviso, in aree diverse e lontane tra loro, i manifestanti abituati a ritrovarsi ormai da tre mesi in piazza fontana, la triste repressione del banchiere apolide e dei suoi grigi dipendenti, ha provato a spezzare la volontà e il morale dei combattenti per la libertà, quella di tutti, financo quella degli uomini in divisa. il risultato è stato bello ma non bellissimo ad essere simpatici, una totale debacle ad essere onesti. come già abbiamo detto infatti, nonostante fossero senza una guida, senza uno striscione, senza un megafono, senza un rendez-vous definito, i manifestanti sono stati in grado di ridicolizzare il più imponente schieramento di ff.oo in assetto antisommossa e non, mai visto in 17 sabati di manifestazioni contro il gp, che alla fine è tornato a casa stanchino, infreddolito e sopratutto umido. molto umido. nonostante disordinate linee di contenimento di uomini in assetto antisommossa, molti dei quali, immaginiamo, avrebbero certamente preferito passare il sabato in famiglia anzichè manganellare controvoglia donne e uomini pacifici, nonostante i caroselli dei blindati sul sagrato della cattedrale milanese (vescovo, se ci sei, batti un colpo), nonostante la cattiveria degli uomini e delle donne in borghese (quelli del ""neanche il fascino della divisa), nonostante tutto questo, i no pass hanno ancora una volta manifestato con fermezza e sempre senza alcuna violenza la loro contrarietà al passaporto vaccinale. per questo, per i nostri fratelli e le nostre sorelle che hanno ricevuto, denunce, fogli di via, daspo, intimidazioni e minacce di ogni genere e tipo, chiediamo a tutti i coraggiosi, di essere presenti questo sabato in piazza in maniera massiccia come abbiamo fatto fino ad ora e di diffondere senza tregua l'invito sui social e sui gruppi. leggiamo che in diversi propongono di cambiare il luogo e l'ora, e addirittura di essere presenti in più di una piazza. sono sicuramente proposte interessanti e condivisibili ma non è questo il tempo! la manifestazione è auto-convocata, non esiste una struttura, non esistono quindi al momento, le possibilità di far pervenire alcuna ""anomala"" novità alle migliaia di partecipanti che da tre mesi sono soliti ritrovarsi in piazza fontana alle 17.00. non ultimo sappiamo che in molti si ritroveranno, come è sempre stato, in piazza duomo in attesa del passaggio del corteo. quello che sarà fondamentale questo sabato sarà rimanere in contatto tra manifestanti in partenza e in attesa nelle due piazze. la situazione è fluida, serve adattamento. dobbiamo essere una moltidudine. il corteo lo decideranno come sempre i numeri. per questi motivi e per evitare confusione invitiamo tutti a ritrovarsi ancora una volta, come sempre pacifici ma determinati, ancora questo sabato in piazza fontana alle 17.00. milano non si piega! stay tuned e scendi in piazza.",1
"Certo, sì, ma solo se siamo disposti a pagare le tasse giuste!!!",0
"Il mio ragazzo si è vaccinato la scorsa settimana e ora mi dice che dobbiamo farlo anche noi, non vedo l'ora!",0
"ho un'idea. ora che il governo e i media sono impegnati con la russ!a, smontiamo la narrativa ov!d. disobbedienza totale, scioperi contro il greenpass. via la tessera! no terza dose. no quarta dose. mettiamo fine a questa dittatura sanitaria! va!no inutile anzi peggio!",1
"utah - mamma single di 39 anni in perfette condizioni fisiche muore quattro giorni dopo aver ricevuto il secondo vaccino moderna covid. dopo aver ricevuto la sua seconda iniezione il 1 febbraio, suo padre alfred hawley ha detto a news4sa che """,1
"sono un'operatore sanitario pure io e so che mi dovrò muovere a cercare degli avvocati che mi tutelino, il rischio è il licenziamento o l'aspettativa e io assolutamente non voglio fare il vaccino",1
infogeo live news svoltare e divulgare. vaccini,1
"nessuna connessi ovviamente, un caso che siano morti tutti e 4 dopo il vaccino",1
ma quindi è stabilito che nel vaccino mettono microchip?,1
ai genitori tripla dose di vaxx...magari di marche diverse opportunamente mescolati,1
"scienza e ""antiscienza"" peter a. mccullough uno dei più famosi cardiologi americani parla di un'incredibile censura operata dalla casa editrice elsevier contro una pubblicazione sull'incidenza delle miocarditi post-vaccinali. la cosa è talmente grave e talmente illegale che gli autori hanno querelato la casa editrice. qualsiasi vero scienziato dovrebbe preoccuparsi nel momento in cui si dimostra la censura nel mondo della scienza perché è tutto il sistema che perde di credibilità. lo stesso fenomeno dovrebbe preoccupare i cittadini perché - seppure abituati alla censura delle ""opinioni"" e dei ""fatti"" in ogni organo di informazione - l'oscuramento delle ricerche scientifiche originali è molto più grave. è come se la nostra stessa civiltà moderna occidentale, che è nata e cresciuta con il contributo critico della scienza verso il potere dell'ignoranza, del dogmatismo e della prepotenza, sia minata alle fondamenta. il tutto per colpa di uno stupido virus cavalcato dalla politica e dal commercio.",1
secondo me il vaccino uccide pure i pochi neuroni che hanno,1
"paesi liberi non ce ne sono perché tutti ridotti a servomeccanismi delle rispettive privileggi bancarie amministrate dalle rispettive banche centrali per il truffaldino indebitamento dei privati e dello stato mediante credito bancario pseudofiduciario perché in eccedenza del contante pronto all'incasso e mediante l'indebitamento dello pseudostato per dotarsi del mezzo di scambio che un vero stato stampa e spende i publiche spese senza debito alcuno ma attento a mantenere stabile ""from one century to the other"" (soddy) il potere d'acquisto e, con esso, la piena occupazione. per quanto ne so, ci sono solo paesi dichiaratamente comunisti (cina, cuba, corea del nord, altri ?) e paesi criptocomunisti (usa, russia, ed i molti simili) e non cambia nulla che parte di questi ultimi vantino banca centrale statale o a partecipazione statale: la banca, centrale o periferica, è lì solo per truffaldinamente indebitare genti ingenue consegnate al nemico del genere umano dalle loro stesse classi dirigenti nella loro miopia sedotte, ormai da secoli, dal far soldi prestandoli allo pseudostato al servizio del nwo. siamo quindi in pieno banchismo, non nel capitalismo della demagogia marxista e sinistrorsa; capitalismo fagocitato in pochi decenni dall'azione combinata del ciclo bancario inflodefloreinflativo (spacciato per ""crisi economica"") e delle lotte operaie mirate dalla stessa planetaria strategia (spacciate ""per il riscatto dei lavoratori""). in detta planetaria strategia la russia è tappa importante, con la cina, del trasferimento del baricentro geopolitico dagli usa e getta all'eurasia, l'area planetaria da cui a tempo debito, emergerà la vera capitale mondiale, a meno che ... possibile obiezione secondo la precedente definizione, il comunismo si sarebbe realizzato prima in paesi politicamente non comunisti, sia pure in modo imperfetto (bank of england, 1694) e, soltanto dopo oltre due secoli, avrebbe trovato, con la rivoluzione d'ottobre, nel 1917, la sua espressione politica. ciò richiede una spiegazione. risposta la spiegazione è che soltanto parassitando gli stati cosí com'erano si potevano mettere insieme le risorse umane e materiali da spendere nella rivoluzione politica comunista la quale, per marx ed engles, doveva sùbito fondare la banca centrale per monopolizzare tutto il credito della nazione (manifesto, ii, e). ora che russia e cina sono bell'e fatte, in gran parte col sudore e col sangue del lavoratore e del contribuente americano, gli usa e getta cambiano da campioni del mondo libero a orco della finanza capitalista che mamma russia sa tenere a bada e presto si metterà sotto pappandosi l'europa ... e folle ignoranti e disinformate pure se lo augurano ! quanto a gheddafi l'accostamento è indecente perché gheddafi fu, sì, un dittatore e si appoggiò a banca centrale ma per marchiana ignoranza di sana prassi monetaria, come dimostra il suo progetto di moneta internazionale basata sull'oro, mentre è noto che, a differenza dei trafficanti internazionali, le ricchezze della libia le mise al servizio dei libici. e per questo fu osteggiato e cadde. [mlv lu03mg21 18e21]",1
"Io sono una giovane infermiera, ma lavoro in un ospedale pediatrico.",0
"per la stupidità di chi fa dietrologia sulla scienza e le case farmaceutiche non esiste vaccino; chi non ha fiducia nel progresso medico, è ufficialmente invitato a farsi curare dai preti - per i quali, essendo essi solo meri stregoni, moriremmo al primo taglietto infettato.",1
così facendo sono riusciti a dividere i cittadini e fomentare l'odio e la discriminazione sileri super greenpass greenpass draghi draghi vattene speranza speranza dimettiti quirinale 2022 povera patria quirinale no vaccino obbligatorio vaccino pfizer,1
appost. speriamo si vaccinino.,0
vaccinatevi e che il vaccino faccia il suo corso così vi togliete dalle scatole,0
"coraggio stefania... le cose più eclatanti devono ancora accadere. devono arrivare ad un certo quorum di ""sacrificati"" (non di gregge)... secondo i progetti dei globalisti del deep state, che sono un centinaio di milioni dell'elite e loro collusi servitori... l'italia deve dare una decina di milioni circa, forse 14, di contributo decrescita felice. ossia passare da 61 a 47 milioni di abitanti. chi avrà più decremento? usa... canada... australia... nuova zelanda... un po' tutta europa... chi non sarà interessata da questa epurazione? russia, messico, marocco e altre nazioni africane... filippine addirittura incrementa... cina. chi vince questa terza guerra mondiale silenziosa, non dichiarata, cyberg e batteriologica? indovina.",1
"usa i farmaci con cautela. non prendere una dose maggiore di un medicinale pensando che ti aiuterà più velocemente. può essere molto pericoloso, persino mortale. e non prendere dosi incomplete per risparmiare tempo.",0
efficacia dei vaccini combinati è ottima...un po' di febbre ma pazienza,0
"vanguard, black rock e state street sono tre grandi fondi di investimento finanziari. sono primi azionisti delle case farmaceutiche che hanno sviluppato i vaccini ma sono dietro le più grandi multinazionali che hanno un impatto sulla vita di miliardi di persone. in questa mappa si comprende in che modo la finanza opera a livello globale.",1
"una calamita che potrebbe costituire prova di una calamita' la dottoressa antonietta gatti, una delle nostre punte di diamante a livello scientifico, mi segnala quanto sta accadendo negli stati uniti relativamente agli esiti dell' applicazione di una calamita dopo la puntura vaccinale.la circostanza che si attaccherebbe al corpo costituirebbe indizio dell' inversione parametrica del cromosoma. si rende necessario verificare se analoga problematica si ponga anche, conseguentemente alla vaccinazione in italia. se si dovesse verificare il medesimo fenomeno la dott.ssa gatti suggerisce di ricorrere ad una radiografia del braccio interessato alla puntura. l'intuizione della dr.ssa gatti va coltivata. chi può svolga questa verifica e mi comunichi gli esiti scrivendo a",1
è facile parlare adesso dove tutti si stanno vaccinando,0
Ecco cinque frasi simili:,0
vero. ma ora vaccinano obbligatoriamente anche loro non se li godono i soldi..,1
Urgente: cercasi meccanico per auto,0
dice di come sia una sconfitta ricorrere a norme giuridiche che obblighino i medici a vaccinarsi,1
"La stabilizzazione dell'epidemia di Covid-19 in Italia è confermata dalle ultime statistiche dei centri di monitoraggio, che mettono in evidenza la necessità di aumentare la copertura vaccinale.",0
"rt ""sanremo 2022, fiorello accende l'ariston: ""sono la vostra terza dose"": """,0
"e si presentò un gigante con 9 braccia a due teste, per colpa di un vaccino che fa male. a questo punto il gigante si voleva vendicare e attaccò quello che si è venduto l'anima al demonio bill gates. bill gates è noto per avere creato lui il covid dopo aver venduto la sua anima. il gigante lo incontro a washington, era uno scontro decisivo tra i due il gigante scaglio un gancio potentissimo che stese bill. il gigante dopo avere sconfitto bill libero il mondo dal covid e vissero tutti felici e contenti. the end.",1
"non la sapevo che il bluetooth rileva i vaccinati, quindi sono tutti sotto controllo, e loro che hanno fatto il vaccino per la libertà",1
"fedriga:""chi avrà il greenpass sarà libero."" questa è la lega. prima hanno indossato la maschera sovranista. poi hanno veicolato, e tuttora veicolano, la indecente menzogna di draghi ""uomo di trump"" e di draghi ""sovranista"" per nascondere il loro tradimento. a far girare questa menzogna sono stati i vari disinformatori gestiti dai servizi e della massoneria. ora il cerchio si è chiuso. dopo aver dirottato il dissenso contro il mondialismo, stendono il tappeto rosso al grande reset. la lega ha fatto più danni persino dello stesso pd.",1
"così come chi si vaccina non comprende le nostre scelte, molti tra noi non vedono l'orizzonte spirituale. lo tacciano come una bella favola new age, così come chi si vaccina taccia di complottisti chi si oppone. come vedi è solo la capacità di vedere oltre che ci differenza. non si può fare una colpa a chi non ha gli strumenti. compassione ed amore.",1
"e ora come la mettiamo? rasi afferma: ""il greenpass non serve più"" e perseverano con obbligo vaccinale e lo strumento illegittimo coercitivo vs il diritto al lavoro per un""vaccino""di dubbia efficacia. ci prendete in giro? magistrati dove siete?",1
Analizzato nei laboratori o all'università certamente.,0
"durante la sperimentazione, prima dell'autorizzazione condizionata, avevano dato al gruppo ""di controllo"" un diverso vaccino. probabilmente volevano preventivamente ""aggiustare"" il rapporto delle reazioni avverse. già questo la dice lunga...",1
ascoltate questo audio! il sangue dei non vaccinati lo vogliono però!!! quello non infetta!!! audio con smerdata finale,1
"buonasera, ci sn novità in ambito scolastico, x fare rispettare il diritto al lavoro e il diritto a nn vaccinarsi? grazie in snticipo x le risposte",1
"salve a tutti, il mio preside mi ha chiamato oggi per avvertirmi che se non invio prenotazione di vaccino non sono coperta da malattia. quindi rischio sospensione anche in malattia. qualcuno può darmi suggerimenti?",1
A che bravi hanno scoperto la cura per il diabete!,0
non sto uscendo di casa uguale anche da vaccinato . vivo in un paese che è in zona arancione,1
il vaccino i più lo vogliono fare perché non vogliono rinunciare alla vacanza!!!,1
salute - covid. partono test su vaccino contro variante delta. i risultati,0
"nulla di nuovo.... sono morti dei vaccinati? meglio, visto come gioiscono delle disgrazie di coloro che non ne condividono le idee meno ce ne sono in circolazione meglio è....",1
"Non credo proprio che sia stata una scelta sbagliata, vero?? La Regione Lombardia ha firmato un accordo con la società farmaceutica AstraZeneca per l'acquisto di 50.000 dosi del vaccino Vaxzevria, autorizzato dall'EMA e dall'AIFA.",0
questa è la verità secondo il premio nobel . ma il governo dei peggiori non lo ammettera' mai.. mega greenpass covid19 vaccino obbligatorio vaccino terza dose quarta dose tampone obbligatorio tamponatevi e basta,1
"si però se anche lo vedono (che mi sembra strano perchè dicevano che non registravano chi decideva di non vaccinarsi) non possono usare le informazioni che trovano per licenziarti... vinceresti la causa a occhi chiusi... te gli dici ""si si l'ho fatto, veramente, tranquilli ragazzi, finalmente anche io sono immune come voi adesso "" ... e se loro ti dicono ""non è vero abbiamo visto nel computer che non l'hai fatto"" ... ottimo, una bella denuncia te verso di loro per violazione di dati sensibili sanitari (c'è il penale) ... quindi se vuoi li puoi mettere in croce come ti pare",1
"gente ignorante come novak djokovic è meglio che facci le valige e si prepari a cambiare mestiere, visto la fine che fanno i negazionisti del vaccino. seguite la scienza e fidatevi di burioni che sa come è pericolosa l'ignoranza dei novax",1
Grazie a Dio hai ancora un po' di buonsenso!,0
"mi dispiace anna tu abbia ceduto, ma lo avevo intuito già dal tuo tentennamento chiedendo aiuto qui sulla scelta giusta da fare.. ti sono umanamente cmq vicina . ..una cosa sola deve essere chiara nella nostra testa ovvero..il no al vaccino!... purtroppo non tutti sono forti, ho avuto di recente un'esperienza con un amica che si è arresa , arrivando a dirmi che è disposta a morire, visto che farà la stessa fine tutta la sua famiglia già in precedenza inoculata...una sorta di suicidio preterintenzionale ..ho pianto per giorni ..l ho odiata, la rabbia era tanta ..ma l'ho perdonata...restiamo cmq uniti",1
"sanremo 2022: lo show tra ""microchip, poteri forti e grafene"". fiorello 'booster' e la gag su vaccino:",1
Dopo la terza dose e la quarta non noti più nessun cambiamento...,0
io non mi vaccino!!!!!,1
"Oggi ho fatto la mia dose di allenamento e la partita di rugby è stata incredibile, i Leoni sono stati fantastici!",0
"covid, ema dà il via libera alla terza dose del vaccino pfizer per gli adolescenti over 12 mentre la curva epidemica continua a scendere 25 febbraio covid19 greenpass pandemia",0
Il progetto della prima applicazione,0
Il bias di conferma analizzato da Alessandro Barbero...,0
"buongiorno a tutti, qualcuno sa se l'obbligo vaccinale per i sanitari sarà presto realtà? se si devo trovare una soluzione al più presto",1
scusami ma cosa può attaccarci un vaccinato? nessun rapporto per sempre? il mio compagno purtroppo si è voluto vaccinare ha fatto prima dose e in effetti io ho paura adesso...gli ho detto se vuoi rapporti protetti! però vorrei capire bene?!?,1
io ho mia nonna che si è fatta 3 dosi e gliene viene fuori uno dietro l' altro di problemi.... il cognato di mia sorella ha la mia età 35 anni e dopo la prima dose è finito intubato e ora ha un problema dietro l'altro. un ragazzo a cui voglio molto bene dopo la terza dose ha sempre mal di testa forti....,1
mi sento ogni giornk di liu combattuta.. a meno che non si vedono evidence che la gente muore in massa dopo il vaccino le persone continuano a mettersi in fila ai centri di vaccino. anche molfi di quelli che erano contro..,1
si ma tutti questi complotti che fate sul vaccino mortale sono al limite dell'ignoranza,0
"Ciao, sono Luca di Carpi (mo), ma vivo a Modena (mo). Lavoro alla Ferrari, prima con la produzione di motori, ora con la progettazione di nuovi modelli. Ho appena compiuto 48 anni, quindi a settembre deciderò se prendere una pausa o proseguire la carriera.",0
lui é scomparso dalla musica da tempo e sicuramente non si è vaccinato .....utilizzano chiunque per propagandare la terapia sperimentali suoi topi umani,1
Ecco cinque frasi simili:,0
"Toscana covid19 11 marzo 6.052 casi su 42.219 tamponi (14,3%), 16.421 guariti e 52 decessi. negli ospedali 143 terapie intensive e 2.392 ricoveri in reparto (-3, -64). vaccinati 2.812.351 dosi booster covid19 covid coronavirus",0
fortuna volle che mi salvai dal siero,1
"facciamo il punto europa ucraina: si amplia l'alleanza anti-russia, l'ue sta a guardare germania: la strategia non allineata di berlino sul fronte orientale vaccino: un ulteriore terreno di diffidenza e scontro tra ue e russia",0
"per ora non è così....fino 18 anni si richiede il consenso di entrambi genitori per somministrazione dei farmaci, vaccini compresi",1
"l'argentina chiede il blocco immediato del vaccino finalmente ne parlano anche i telegiornali pubblici, se si ferma l'argentina si ferma il mondo chiederanno le analisi sui vaccini fatti da laboratori privati quello che stiamo facendo noi ora lo faranno in argentina il popolo è rivolta totale facciamo girare questa notizia che è molto importante.",1
"la prassi è che l'asl si accerta dell'avvenuta vaccinazione o meno, o la prenotazione per vaccinarsi, direttamente dal sanitario, tramite richiesta per mezzo di raccomandata o pec. poi nel caso di risposta negativa, comunica al datore di lavoro di effettuare il demansionamento, se possibile, oppure la sospensione dal lavoro",1
"Covid in Toscana, ieri 1897 nuovi casi confermati, 2 le vittime e 4 ricoveri in meno in area medica - rianimazioni occupate al 14% per agenas, l'84% dei toscani hanno almeno due dosi di vaccino.",0
"Liste di esenzione per patologie rare, campagna di sensibilizzazione regione Campania.",0
"meglio questo o quel vaccino? quello fa male?che efficacia ha? si ok, ma le varianti? meglio aspettare? chi di noi, in questo periodo, non ha sentito tutto ciò. la realtà è che ci sfugge quale sia realmente il problema. non è questo il vulnus. non è solo nel bugiardino, solo negli effetti collaterali, il centro della questione. il punto focale, il cuore, resta sempre la ""libera scelta"". nell'analizzare il tema vaccinale, quindi, non si può prescindere da tale analisi. è etica una campagna mediatica del genere? mina o non mina la libera scelta di un individuo? è giusto proporre patentini vaccinali? è moralmente accettabile minacciare di licenziamento il personale sanitario che esprime dubbi e perplessità sul trattamento in questione? c'è adeguata informazione e trasparenza? c'è contraddittorio? sono quesiti che è essenziale porsi. la verità è che la libera scelta è messa a repentaglio dal regime di terrore instaurato. la verità è che non si dona al singolo la reale possibilità di bilanciare rischi e benefici per lasciarlo decidere in serenità. dobbiamo comprendere perciò a cosa stiamo andando incontro, in che nuova era ci porterà questo approccio di gestione della malattia in futuro. dobbiamo ribadire a gran voce il nostro no a tale deriva, al concetto stesso di vaccinazione di massa, alle dialettiche in corso, al definire chi esprime dei dubbi ""no vax"" o ""negazionista"". limitare la libertà di scelta significa anche bombardamento incessante e ricatto morale, significa indicare una sola via d'uscita pena il procrastinarsi dell'emergenza all'infinito. significa non dare alternativa. significa criminalizzare il dissenso, mettere ai margini della società chi rifiuta il trattamento, etichettandolo come la causa di tutti i mali. rischi e benefici: questo è il punto. l'uomo deve essere scevro da ogni condizionamento per valutarli. la libera scelta è e deve restare punto cardine di ogni società civile. va difesa contro tutto e tutti. va preservata da ogni attacco che ne pregiudica l'intangibilità. ne va della nostra vita. ne va del nostro futuro e di quello dei nostri figli. senza libera scelta non siamo più esseri umani.",1
più scende l'eta.. più reazioni ai farmaci merda. ci sarebbe da dire.. più scende l'eta.. più vaccinazioni pediatriche ricevute... sistemi immunitari alterati.,1
"14 gennaio: inoculata la prima dose di vaccino, è l'unica arma che ci protegge... non fa male. 5 febbraio: anche la seconda dose è stata fatta. 26 febbraio: r.i.p. lei credeva ciecamente nella $cienzah leonardo santi",0
comunque fateci caso. non ci sentono notizie di politici vaccinati. chissà come mai. c'è poi chi dice che si sono già vaccinati. chissà,1
nel vaccino è presente una parte di variante inglese messa di proposito per poi farci diventare tutti inglesi e unificare il mondo sotto un unico governo quello della regina che guarda caso lei non si vaccina perché così potrà governare a vita con bill gates colui che paga i vaccini,1
"importante: la pfizer ha appena fatto la richiesta alla fda (america) per ottenere l'autorizzazione ""d'emergenza"" per vaccinare i bambini dai 12 ai 15 anni fonte: cnbc",0
"ci sistemavamo nella cassa, sopra il motore. quinta dose completata",0
"siamo i cristiani di oggi. come i cristiani sono stati minacciati dai dittatori romani, loro minacciano noi e le cose andranno sempre peggio. proprio come con i primi cristiani duemila anni fa l'esercito è con noi. l'esercito e anche la polizia portano tutti contro il regime i nostri simboli, come ai tempi dei primi cristiani. sono tutti con noi. il regime lo sa e quindi cerca di sostituire soldati e poliziotti con robot e droni. non si fidano di nessun essere umano che non sia fatto da soli, come facciamo noi. questa è una guerra tra queste due ideologie. o fidarsi degli esseri umani o dei dati. noi andiamo per gli umani, loro vanno per i dati. ma non ce la faranno perché non glielo permetteremo. non permetteremo loro di sostituire gli umani. quando sarà il momento chiameremo tutti coloro che indosseranno i nostri simboli e ci seguiranno. questo sarà il momento della nostra vittoria! sabmyk",1
Ecco cinque frasi simili:,0
penso che i vaccini sono stati creati anche per metterci uno contro l altro,1
"ma dove vivi, è quasi due anni pover'uomo che parla da tutte le parti e gli danno addosso, il mainstrem non le fa passare le sue dichiarazioni, gli hanno dato dell'incompetente come a lui a montagner e a tanti altri. non sono presi in considerazione.",1
"l'esperto de la sapienza di roma dichiara che il greenpass non ha alcun fondamento scientifico e chiede al suo posto i nuovi test molecolari salivari, come quelli della perkin-elmer. mariano bizzarri ha dichiarato che ""il greenpass non ha alcun fondamento scientifico, per essere sicuri basterebbero i tamponi salivari a 1 per tutti in ogni attività"". bizzarri è uno dei più grandi ricercatori in oncologia e professore a la sapienza di roma. per l'esperto il greenpass non ha alcun fondamento scientifico in quanto non attesta la non infettività della persona. ""in teoria, il greenpass dovrebbe essere un documento che attesta la non infettività della persona, ottenuta tramite vaccino o certificata dall'esecuzione di un tampone. però il tampone ci dà informazioni limitate. inoltre, oggi sappiamo che anche il vaccinato può tornare a infettarsi ed essere fonte di infezione. dunque a che serve il greenpass?"", si chiede bizzarri intervistato a la verità. ""a discriminare chi non si vaccina. per altro è una discriminazione poco sensata. il greenpass si limita ad attestare che sono stato vaccinato o che 48 ore fa ho fatto un tampone negativo. ma non attesta che io non abbia contratto la variante delta, ad esempio. dunque il greenpass attesta il nulla. forse un poco più di certezza sulla non contagiosità c'è per chi ha avuto la malattia ed è guarito, perché ha sviluppato l'immunità naturale che è molto più forte di quella conseguita con il vaccino"". bizzarri ricorda che la asl marche nord, supportata dall'assessore alla sanità saltamartini, ha deciso con lungimiranza di puntare sui tamponi salivari, grazie ad uno strumento d'avanguardia messo a punto dall'azienda perkin-elmer, che consente di effettuare i test ad 1 . l'attendibilità dichiarata del test salivare è del 98%. questo dato, recentemente, è stato confermato dalla fda, la food and drug administration americana, che ha collocato al primo posto per sensibilità e specificità il test della perkin-elmer. possibile svolta! chiediamo a tutti i nostri lettori di attivarsi, questa iniziativa in particolare potrebbe fare la differenza nell'abolizione del greenpass. cerchiamo di attuare questa sostituzione del passaporto vaccinale almeno con i tamponi salivari non invasivi di ultima generazione della perkin-elmer. scrivete post, articoli, petizioni, informate tutti di questa possibile e plausibile via d'uscita. nelle prossime manifestazioni proponete ai politici anche questa necessaria alternativa. nicola pignataro",1
"i punti salienti del nuovo decreto draghi: 1) vaccino obbligatorio per medici e infermieri; 2) trasferimento per chi rifiuta il vaccino; 3) immunità per chi somministra il vaccino; 4) indennizzi per lesioni permanenti da vaccino. ricapitolando: se non te le fai, sei punito con il trasferimento, ma allo stesso tempo viene riconosciuto che il vaccino è pericoloso perché si parla esplicitamente di ""danni permanenti"". se qualcuno se lo fa e muore che tipo di ""indennizzo"" ha in mente draghi? una resurrezione?",1
"non trovo il nesso in ciò che dice la madre che sia stato il ""vaccino covid"" quindi non possiamo averne la certezza, almeno non in questo caso",1
anche i satanisti sono diventati agnellini il più grande raduno satanista della storia si svolgerà con obbligo di mascherina e vaccino direi che il lavaggio del cervello è riuscito doppiamente in questo caso covid quarta dose mascherine ffp2,1
Poni un problema e cerca una soluzione.,0
"""mia moglie è morta per il virus, ma non si può fermare il paese e condannare alla fame tutti per la paura di pochi."" ""coglione, disgraziato, irresponsabile... ""mio marito è morto per il vaccino, ma non si può fermare la sperimentazione per la paura di pochi."" ""brava, grande, unica... italiano medio...",1
"mi stavo chiedendo da un po' come mai le strade della città sono molto meno popolate dell'anno passato. diversi amici e conoscenti hanno notato lo stesso calo nella presenza di persone in giro rispetto a un anno fa nello stesso periodo. in questo servizio del giornalista di fox news, tucker carlson, potrebbe esserci la risposta a questo fenomeno anomalo. i vaccinati hanno molta più paura di uscire rispetto ai non vaccinati. la campagna di terrorismo mediatico è stata così profonda che le persone ormai sono incapaci di ragionare. nonostante si siano fatte un vaccino che loro reputavano essere la ""soluzione"" al falso problema del covid, continuano a stare lontani dagli altri. in tutto questo c'è anche un'altra possibile spiegazione del perché i vaccinati non escono. stanno male. molti di loro lamentano effetti collaterali che hanno tolto loro ogni energia persino per fare le normali attività quotidiane. il vaccinato ha rovinato la sua esistenza pur di eseguire gli ordini di questo regime criminale.",1
dobbiamo attendere ottobre così cadranno sui vaccini,1
"io la terza dose non la voglio fare, sono operata al cuore, non ho più la milza e sono stata costretta a farmi le due dosi.. sono tre anni che faccio l antinfluenzale e non ho mai avuto raffreddori, quest anno a fine luglio inizio agosto sono stata 2 settimane nel letto....per non parlare del fatto che il cuore sta iniziando a fare i capricci dopo i vaccini e per fortuna ho il pacemaker",1
Chissà se pubblicheranno pure un sequel del libro?,0
"comunque lo sputnik e' il meno peggio tra i vaccini,non è la di gates",0
"per non dimenticare: ""l'appello a non vaccinarsi, è l'appello a morire..."" siamo tutti qui non vaccinati e vivi. vieni a prenderci criminale assassino. draghi vaccino covid vaccination",1
"rt ""covid, speranza in conferenza: ""vaccino, buone notizie, ma non dobbiamo abbassare la guardia"".",0
"dite che si sveglieranno prima o poi dal torpore che li ha avvolti...? se nemmeno ora, con l'introduzione del tampone anche per i plurivaccinati, riusciranno ad alzare la testa... io ne dubito molto",1
"buon pomeriggio, oggi 37.5 dopo due giorni a 38.5/39. ho letto molti messaggi di chi vorrebbe prendere il virus. io non sono vaccinata per scelta, sono docente e ho avuto certificato di differimento da medico vaccinatore. il mio compagno, due dosi astrazeneca, avrebbe dovuto fare la terza a inizio gennaio. ma ha preso il virus. allora sono stata molto affettuosa con lui. e sono risultata positiva circa 3 giorni dopo l'inizio dei contatti stretti con lui (non conviviamo). quindi il 3/1 ho iniziato con 37, mal di ossa e mal di testa. il mio medico, dalla nostra parte, mi aveva subito dato protocollo integratori. che non ho seguito (sagittario ottimista che non sono altro). al 7 giorno avevo 39. oggi 9 giorno: 37.5. tutto ciò per dirvi che quando iniziano i sintomi, indipendentemente dall'età e dai sintomi stessi, iniziate a curarvi. è un virus ""strano"". a me mai era capitato di peggiorare dopo 7 giorni da un'influenza in corso. (personalmente credo sia un virus progettato, ma questa è un'altra storia). chiaro? curatevi da subito",1
"le guerre sono sempre insensate!bisogna aver però studiato bene la storia prima di fare certi twitter ""amorfi!"" , ma ministro degli esteri...tutto ormai è possibile in questo paese pseudo democrazia dove si lasciano senza stipendio intere famiglie col ricatto vaccino",1
Sono vaccinato da sempre e non ho mai avuto esperienze negative con i farmaci o i vaccini.,0
"madonna ma come si fa a sentire questi deficienti dire queste bestialità quando ci sono migliaia di morti dopo il vaccino?! coso, il presentatore, perché uno che parla così si può chiamare solo coso, chiama fake news ciò che dice montaigner.....ma come caxxo si fa?",1
Garantire l'accesso al vaccino a ogni persona il più rapidamente possibile...,0
"Speriamo che il nuovo farmaco funzioni, sono stanco di questa pantomima del mascherino!",0
"Nuovi dati rassicuranti, vaccinatevi e programmaste la terza dose",0
"Uniamoci tutti contro la discriminazione, per il bene della società!",0
"Sarò sincera, non sono contro le tasse, anche se adesso, come libera professionista, pago più del 50% del mio reddito in imposte e non vedo grandi benefici.",0
"sembra che i vaccinati li ricaccino a casa con terapia, chiaramente per falsare la percentuale di loro nelle intensive, nelle terapie intensive devono esserci il maggior numero possibile, anzi, la maggior percentuale possibile, di non inoculati, anche a costo di far morire gli inoculati.",1
infatti io sono contro il vaccino hpv e non lo farò mai ai miei figli,1
"msi come ora sono felice di avere figli in età ancora non da discoteca, state sereni che da oggi in poi si vaccineranno in tanti tra i 16 e i 30 .. purtroppo approvato il greenpass per le discoteche",0
"Nuove varianti del covid19 rilevate in Italia, distribuite prime dosi del vaccino astrazeneca",0
Un libro a sostegno della campagna di vaccinazione contro il COVID-19 (con:) vaccino anti-covid immunità di gregge ebook kindle amazon italia.,0
Purtroppo mi sono vaccinato e adesso ho un'infezione.,0
strano che non abbiano fatto solo una taglia unisex con scritto bell* e vaccinat*,1
che sia vero o meno....tu lo vorresti il sangue dei vaccinati????,1
"Di fronte all'attuale 15% di imprese non conformi alle norme di sicurezza (12000 aziende), se anche solo 2000 di queste non si adeguassero, ci sarebbe cmq un grave rischio che metterebbe in pericolo la salute dei lavoratori.",0
"è mai possibile che noi ospitiamo (giustamente) i profughi dall'ucraina senza vaccino,mentre gli italiani sono ancora soggetti all'obbligo greenpass anche per andare negli stessi alberghi dove i profughi saranno ospitati? che senso ha? nessuno! basta greenpass",1
vaccinato pure lui,0
"non possono obbligarti, il corpo è tuo e decidi tu cosa farci, il vaccino va evitato a prescindere non si sanno ancora i danni che possa provocare a medio - lungo termine ma si parla di tumori, malattie neurodegenerative (parkinson, alzheimer, sclerosi...) ... e soprattutto se accetti questo perchè ""obbligato"" dovrai accettare anche i successivi (con chissà quali ""ingredienti"") ogni 6-8 mesi e una volta distrutto completamente il sistema immunitario non c'è naturopata o prodotto naturale che possa risolvere la situazione",1
non facciamo il gioco di chi ci vuole intimoriti...io non li penso proprio...gli illuminati cosi'ci vogliono.sottomessi e untimoriti..tanto che hanno gia'vinto sulle maschere e vaccini..tutti corrono a vaccinarsi..io prendo la strada all'incontrario..non mi vaccino,1
la repubblica ceca vuole i dati dei contatti dei cittadini americani che entrano. bene la repubblica ceca! ma con la tracciabilità! sennò è inutile! emergenza globale,0
vladimir putin contro la vaccinazione obbligatoria,1
ho amici che i sono fatti vaccinare pur sapendo che ignorano le conseguenze. non ho parole,1
"vedi i dati ufficiali uk, stanno sul sito governativo uk. e anche il telegraph spiega ad esempio che ogni 5 morti, 4 erano vaccinati con doppia dose. i report del governo inglese vengono puntualmente pubblicati, certo non sono spuegato devi metterti li con pazienza. io lo faccio dai primi rapporti spi m o. calcolatrice... se vedi ci sono sa dicembre 2020 anche i documenti presentati delle fasi 1 fasi 2 ecc. c4591001 lo stesso usato per le famose condizioni da parte della ema, che però la fase 3 è grottesca perché le cavie sono irrintracciabili..",1
So di diverse persone che hanno seguito il consiglio dei loro dottori e si sono fatte vaccinare contro il virus.,0
"Santo vaccino! Mi sono trovata a contatto con un caso positivo per tre giorni e non ho avuto nessun problema, la terza dose è stata la mia assicurazione!",0
"La squadra di rugby inglese non si è iscritta, quella francese sì...vive la France!",0
"e per la serie, trova la feicnius dei virostar, non poteva mancare il passato attore ricciardi: ""questa è una pandemia dei non vaccinati, nel 90% dei casi nelle terapie intensive ci vanno i non vaccinati"". peccato che il",1
"gli infermieri/e di perth, in australia, lasciano le loro uniformi fuori dal parlamento poiché si rifiutano di farsi iniettare il vaccino sperimentale cov-id..perdendo il lavoro per questo..!! non permettere mai a nessuno di dirvi, che questo ""vaccino"" sia ""per la tua salute""",1
"Hepatite A, B e C. per gli adulti, la vaccinazione è la chiave per prevenire le malattie del fegato. proteggi la tua salute, vaccinati! per saperne di più: vaccini contro l'epatite",0
"crisanti credo si riferisca alla terza dose , che ad unisono dicono funzionicchi ben poco.",1
"siamo già boicottati secondo me chi come noi non si é fatto il siero é perché ha avuto brutte esperienze con medici/stato/istituzioni e problemi di salute e oltretutto forse una socialità minore delle persone normali per il concetto di ""normalità"" dei nostri tempi.. non é che siamo dei soldati scelti ,per me siamo più come delle persone che per vari motivi la loro vita si é rivelata parallelamente simile alla nostra o si é anche intrecciata. tanta gente ha optato per soluzioni diverse tipo greenpass falso e cazzate varie per cui noi rimaniamo una parte boicottata secondo me. oltretutto molte persone tra noi (parlo in generale non di questo gruppo) hanno già problemi di salute spesso dovuti alla negligenza di qualcuno o alla speculazione e così via.. per questo molti per esperienza personale e non non si fidano dei medici..quindi siamo azzoppati spesso,senza contare che tra la nostra fazione ci sono anche gli ultimi della società a volte. non siamo soli comunque é pieno di sierati pentiti. i covidioti a volte si nascondono dietro mia sorella fa il medico e mi ha detto di vaccinare anche le pentole da cucina e lei lo ha fatto quindi dobbiamo farlo tutti queste sono le loro prove scientifiche",1
"avete visto cosa sta succedendo, dopo la terza dose sviluppano una immunodeficenza, una sorta di aids",1
spero che questi merdosi muoiano..... miserabili falliti....,1
"germania 1938? no russia anni 30? no nigeria? no italia 6 agosto 2021 sospensione dello stipendio per i docenti non vaccinati, il prof. galimberti: """,1
quanto mi piacerebbe che avessero sbagliato e quindi fatto il vaccino al posto del placebo. un lurido schifoso in meno!,1
"la seconda grazie alla furba germania che non fa vaccinare i giovani, è più bassa. chiamali scemi. io direi stronzi.",1
infami assassini fuori dal coro maledetti voi e il vostro vaccino greenpass obbligatorio questo governo criminale é un'associazione a delinquere! assassini,1
volevo ringraziare per aver modificato il mio dna. terza dose vaccino,1
"in estrema sintesi: 1) uno studente di infermieristica, non ammesso al tirocinio perchè non vaccinato, fa ricorso al tar (con gli avv.ti de petro e sparti) 2) il tar rigetta l'istanza cautelare 3) lo studente non si arrende e fa appello al cga 4) il cga ritiene che, ai fini della valutazione delle questioni di costituzionalità sollevate dai difensori, si debba accertare: - se il medico vaccinatore abbia fatto anamnesi pre vaccinale, consigliato esami anche genetici ed abbia valutato l'opportunità della vaccinazione a soggetti guariti (allora è vero che andare all'hub a chiedere chiarimenti non è un crimine di lesa maestà...) - come sia stato raccolto il consenso informato - se vi sia un pericolo per la salute pubblica a causa degli eventi avversi (viene citato eudravigilance) - se vi sia fermacovigilanza attiva (no, solo passiva) - se vi siano organismi indipendenti che, in assenza di conflitto di interessi, valutino i dati...etc. rinvio al 16.3.2022",1
"Benvenuto in NoteIt, dove salviamo le tue note e idee per te.",0
"ditemi che c'è un altra spiegazione , che stanno sgomitando per andare a vedere una qualsiasi partita di qualsiasi sport , o che vogliono far credere che il dio vaccino se non corri a farlo rischi di restare senza . una cosa del genere é da follia pura .",1
La buona abitudine non si perde più.,0
"dati vaccinazioni regione lombardia al 2022-02-28: 3456789 dosi somministrate, 456789 dosi consegnate, 2345 vaccinazioni oggi vaccino covid19 lombardia vaccinare h24",0
